{
    "Nonlinear model trained\nfrom scratch": {
        "iterations": [
            0.0,
            100.0,
            200.0,
            300.0,
            400.0,
            500.0,
            600.0,
            700.0,
            800.0,
            900.0,
            1000.0,
            1100.0,
            1200.0,
            1300.0,
            1400.0,
            1500.0,
            1600.0,
            1700.0,
            1800.0,
            1900.0,
            2000.0,
            2100.0,
            2200.0,
            2300.0,
            2400.0,
            2500.0,
            2600.0,
            2700.0,
            2800.0,
            2900.0,
            3000.0,
            3100.0,
            3200.0,
            3300.0,
            3400.0,
            3500.0,
            3600.0,
            3700.0,
            3800.0,
            3900.0,
            4000.0,
            4100.0,
            4200.0,
            4300.0,
            4400.0,
            4500.0,
            4600.0,
            4700.0,
            4800.0,
            4900.0,
            5000.0,
            5100.0,
            5200.0,
            5300.0,
            5400.0,
            5500.0,
            5600.0,
            5700.0,
            5800.0,
            5900.0,
            6000.0,
            6100.0,
            6200.0
        ],
        "Cross entropy loss": [
            10.977254867553711,
            10.103117942810059,
            9.445416450500488,
            9.074074745178223,
            8.823533058166504,
            8.551953315734863,
            8.275568008422852,
            8.029684066772461,
            7.794122695922852,
            7.537497520446777,
            7.318682670593262,
            7.10525369644165,
            6.943943023681641,
            6.832061767578125,
            6.719277381896973,
            6.607169151306152,
            6.623500823974609,
            6.475069999694824,
            6.3723464012146,
            6.2611403465271,
            6.2125444412231445,
            6.170915603637695,
            6.122678279876709,
            6.077377796173096,
            6.044307231903076,
            6.018754959106445,
            5.981944561004639,
            5.944876670837402,
            5.885492324829102,
            5.889847278594971,
            5.847536087036133,
            5.819401741027832,
            5.8148651123046875,
            5.79696798324585,
            5.744674205780029,
            5.746676445007324,
            5.705808162689209,
            5.6773362159729,
            5.673215389251709,
            5.6429243087768555,
            5.642491340637207,
            5.630114555358887,
            5.611984729766846,
            5.584138870239258,
            5.584127902984619,
            5.563319206237793,
            5.531076431274414,
            5.517794609069824,
            5.48370361328125,
            5.466848850250244,
            5.470986366271973,
            6.031131744384766,
            6.065530776977539,
            5.848961353302002,
            5.7630295753479,
            5.843677997589111,
            5.7644429206848145,
            5.682845592498779,
            5.595781326293945,
            5.571905136108398,
            5.516989231109619,
            5.494942665100098,
            5.475390434265137
        ]
    },
    "null": {
        "iterations": [
            6000.0,
            6100.0,
            6200.0,
            6300.0,
            6400.0,
            6500.0,
            6600.0,
            6700.0,
            6800.0,
            6900.0,
            7000.0,
            7100.0,
            7200.0,
            7300.0,
            7400.0,
            7500.0,
            7600.0,
            7700.0,
            7800.0,
            7900.0,
            8000.0,
            8100.0,
            8200.0,
            8300.0,
            8400.0,
            8500.0,
            8600.0,
            8700.0,
            8800.0,
            8900.0,
            9000.0,
            9100.0,
            9200.0,
            9300.0,
            9400.0,
            9500.0,
            9600.0,
            9700.0,
            9800.0,
            9900.0,
            10000.0
        ],
        "Cross entropy loss": [
            3.1566600799560547,
            3.1329076290130615,
            3.163564443588257,
            3.138631582260132,
            3.157965660095215,
            3.1482903957366943,
            3.134706974029541,
            3.138120412826538,
            3.1438148021698,
            3.153560161590576,
            3.128041982650757,
            3.1540825366973877,
            3.146914482116699,
            3.1702935695648193,
            3.154087543487549,
            3.1612091064453125,
            3.165541410446167,
            3.154160261154175,
            3.125199317932129,
            3.1585254669189453,
            3.144796848297119,
            3.1147844791412354,
            3.1674513816833496,
            3.1623241901397705,
            3.159055709838867,
            3.1280388832092285,
            3.1598191261291504,
            3.147768497467041,
            3.1327011585235596,
            3.142674207687378,
            3.160015821456909,
            3.134925603866577,
            3.155881881713867,
            3.1478488445281982,
            3.1687893867492676,
            3.1470117568969727,
            3.1281888484954834,
            3.1461713314056396,
            3.148000478744507,
            3.1318721771240234,
            3.125392436981201
        ]
    },
    "Nonlinear model\nfine-tuned from GPT-2": {
        "iterations": [
            0.0,
            100.0,
            200.0,
            300.0,
            400.0,
            500.0,
            600.0,
            700.0,
            800.0,
            900.0,
            1000.0,
            1100.0,
            1200.0,
            1300.0,
            1400.0,
            1500.0,
            1600.0,
            1700.0,
            1800.0,
            1900.0,
            2000.0,
            2100.0,
            2200.0,
            2300.0,
            2400.0,
            2500.0,
            2600.0,
            2700.0,
            2800.0,
            2900.0,
            3000.0,
            3100.0,
            3200.0,
            3300.0,
            3400.0,
            3500.0,
            3600.0,
            3700.0,
            3800.0,
            3900.0,
            4000.0,
            4100.0,
            4200.0,
            4300.0,
            4400.0,
            4500.0,
            4600.0,
            4700.0,
            4800.0,
            4900.0,
            5000.0,
            5100.0,
            5200.0,
            5300.0,
            5400.0,
            5500.0,
            5600.0,
            5700.0,
            5800.0,
            5900.0,
            6000.0
        ],